<?xml version="1.0" encoding="utf-8"?>
<odoo>
    <data noupdate="1">
        <!-- 
        Acción programada para procesar las asistencias durante la pausa del almuerzo
        Scheduled action for processing lunch break attendances 
        -->
        <record id="ir_cron_lunch_break_attendance" model="ir.cron">
            <field name="name">HR Attendance: Process Lunch Break Attendances</field>
            <field name="model_id" ref="model_hr_attendance"/>
            <field name="state">code</field>
            <field name="code">model._process_lunch_break_attendances()</field>
            <field name="interval_number">30</field>
            <field name="interval_type">minutes</field>
            <field name="numbercall">-1</field>
            <field name="doall" eval="False"/>
            <field name="active" eval="True"/>
        </record>
    </data>
</odoo>
